,precision,recall,f1-score,classifier,vectorizer
36161,0.6504367484458511,0.6502242152466368,0.6494902224779856,"SGD tfidf embedding mean, d=300, s=10",embedding vectorizer
36231,0.6007287266700075,0.600896860986547,0.6007039993065646,ET count,baseline vectorizer
685,0.577998524152807,0.5695067264573991,0.5498958513357407,Dictionary - not stemmed,Dictionary - not stemmed
341,0.5625508279291072,0.5515695067264574,0.5182744587995225,Dictionary - stemmed,Dictionary - stemmed
